;movieId;title;genres
0;0;Toy Story (1995);Adventure|Animation|Children|Comedy|Fantasy
1;1;Grumpier Old Men (1995);Comedy|Romance
2;2;Heat (1995);Action|Crime|Thriller
3;3;Seven (a.k.a. Se7en) (1995);Mystery|Thriller
4;4;Usual Suspects, The (1995);Crime|Mystery|Thriller
5;5;From Dusk Till Dawn (1996);Action|Comedy|Horror|Thriller
6;6;Bottle Rocket (1996);Adventure|Comedy|Crime|Romance
7;7;Braveheart (1995);Action|Drama|War
8;8;Rob Roy (1995);Action|Drama|Romance|War
9;9;Desperado (1995);Action|Romance|Western
10;10;Billy Madison (1995);Comedy
11;11;Clerks (1994);Comedy
12;12;Dumb & Dumber (Dumb and Dumber) (1994);Adventure|Comedy
13;13;Ed Wood (1994);Comedy|Drama
14;14;Star Wars: Episode IV - A New Hope (1977);Action|Adventure|Sci-Fi
15;15;Pulp Fiction (1994);Comedy|Crime|Drama|Thriller
16;16;Stargate (1994);Action|Adventure|Sci-Fi
17;17;Tommy Boy (1995);Comedy
18;18;Clear and Present Danger (1994);Action|Crime|Drama|Thriller
19;19;Forrest Gump (1994);Comedy|Drama|Romance|War
20;20;Jungle Book, The (1994);Adventure|Children|Romance
21;21;Mask, The (1994);Action|Comedy|Crime|Fantasy
22;22;Dazed and Confused (1993);Comedy
23;23;Fugitive, The (1993);Thriller
24;24;Jurassic Park (1993);Action|Adventure|Sci-Fi|Thriller
25;25;Mrs. Doubtfire (1993);Comedy|Drama
26;26;Schindler's List (1993);Drama|War
27;27;So I Married an Axe Murderer (1993);Comedy|Romance|Thriller
28;28;Three Musketeers, The (1993);Action|Adventure|Comedy|Romance
29;29;Tombstone (1993);Action|Drama|Western
30;30;Dances with Wolves (1990);Adventure|Drama|Western
31;31;Batman (1989);Action|Crime|Thriller
32;32;Silence of the Lambs, The (1991);Crime|Horror|Thriller
33;33;Pinocchio (1940);Animation|Children|Fantasy|Musical
34;34;Fargo (1996);Comedy|Crime|Drama|Thriller
35;35;Mission: Impossible (1996);Action|Adventure|Mystery|Thriller
36;36;James and the Giant Peach (1996);Adventure|Animation|Children|Fantasy|Musical
37;37;Space Jam (1996);Adventure|Animation|Children|Comedy|Fantasy|Sci-Fi
38;38;Rock, The (1996);Action|Adventure|Thriller
39;39;Twister (1996);Action|Adventure|Romance|Thriller
40;40;Independence Day (a.k.a. ID4) (1996);Action|Adventure|Sci-Fi|Thriller
41;41;Wizard of Oz, The (1939);Adventure|Children|Fantasy|Musical
42;42;Citizen Kane (1941);Drama|Mystery
43;43;Sword in the Stone, The (1963);Animation|Children|Fantasy|Musical
44;44;Dumbo (1941);Animation|Children|Drama|Musical
45;45;Bedknobs and Broomsticks (1971);Adventure|Children|Musical
46;46;Alice in Wonderland (1951);Adventure|Animation|Children|Fantasy|Musical
47;47;That Thing You Do! (1996);Comedy|Drama
48;48;Ghost and the Darkness, The (1996);Action|Adventure
49;49;Swingers (1996);Comedy|Drama
50;50;Willy Wonka & the Chocolate Factory (1971);Children|Comedy|Fantasy|Musical
51;51;Monty Python's Life of Brian (1979);Comedy
52;52;Reservoir Dogs (1992);Crime|Mystery|Thriller
53;53;Platoon (1986);Drama|War
54;54;Basic Instinct (1992);Crime|Mystery|Thriller
55;55;E.T. the Extra-Terrestrial (1982);Children|Drama|Sci-Fi
56;56;Abyss, The (1989);Action|Adventure|Sci-Fi|Thriller
57;57;Monty Python and the Holy Grail (1975);Adventure|Comedy|Fantasy
58;58;Star Wars: Episode V - The Empire Strikes Back (1980);Action|Adventure|Sci-Fi
59;59;Princess Bride, The (1987);Action|Adventure|Comedy|Fantasy|Romance
60;60;Raiders of the Lost Ark (Indiana Jones and the Raiders of the Lost Ark) (1981);Action|Adventure
61;61;Clockwork Orange, A (1971);Crime|Drama|Sci-Fi|Thriller
62;62;Apocalypse Now (1979);Action|Drama|War
63;63;Star Wars: Episode VI - Return of the Jedi (1983);Action|Adventure|Sci-Fi
64;64;Goodfellas (1990);Crime|Drama
65;65;Alien (1979);Horror|Sci-Fi
66;66;Psycho (1960);Crime|Horror
67;67;Blues Brothers, The (1980);Action|Comedy|Musical
68;68;Full Metal Jacket (1987);Drama|War
69;69;Terminator, The (1984);Action|Sci-Fi|Thriller
70;70;Duck Soup (1933);Comedy|Musical|War
71;71;Shining, The (1980);Horror
72;72;Groundhog Day (1993);Comedy|Fantasy|Romance
73;73;Back to the Future (1985);Adventure|Comedy|Sci-Fi
74;74;Highlander (1986);Action|Adventure|Fantasy
75;75;Young Frankenstein (1974);Comedy|Fantasy
76;76;Fantasia (1940);Animation|Children|Fantasy|Musical
77;77;Indiana Jones and the Last Crusade (1989);Action|Adventure
78;78;Pink Floyd: The Wall (1982);Drama|Musical
79;79;Batman Returns (1992);Action|Crime
80;80;Sneakers (1992);Action|Comedy|Crime|Drama|Sci-Fi
81;81;Last of the Mohicans, The (1992);Action|Romance|War|Western
82;82;Grosse Pointe Blank (1997);Comedy|Crime|Romance
83;83;Austin Powers: International Man of Mystery (1997);Action|Adventure|Comedy
84;84;Con Air (1997);Action|Adventure|Thriller
85;85;Face/Off (1997);Action|Crime|Drama|Thriller
86;86;Men in Black (a.k.a. MIB) (1997);Action|Comedy|Sci-Fi
87;87;Conan the Barbarian (1982);Action|Adventure|Fantasy
88;88;L.A. Confidential (1997);Crime|Film-Noir|Mystery|Thriller
89;89;Game, The (1997);Drama|Mystery|Thriller
90;90;I Know What You Did Last Summer (1997);Horror|Mystery|Thriller
91;91;Starship Troopers (1997);Action|Sci-Fi
92;92;Big Lebowski, The (1998);Comedy|Crime
93;93;Wedding Singer, The (1998);Comedy|Romance
94;94;Wild Things (1998);Crime|Drama|Mystery|Thriller
95;95;Rocky (1976);Drama
96;96;Labyrinth (1986);Adventure|Fantasy|Musical
97;97;Lethal Weapon (1987);Action|Comedy|Crime|Drama
98;98;Goonies, The (1985);Action|Adventure|Children|Comedy|Fantasy
99;99;Back to the Future Part III (1990);Adventure|Comedy|Sci-Fi|Western
100;100;Bambi (1942);Animation|Children|Drama
101;101;Saving Private Ryan (1998);Action|Drama|War
102;102;Flight of the Navigator (1986);Adventure|Children|Sci-Fi
103;103;Honey, I Shrunk the Kids (1989);Adventure|Children|Comedy|Fantasy|Sci-Fi
104;104;Negotiator, The (1998);Action|Crime|Drama|Mystery|Thriller
105;105;Jungle Book, The (1967);Animation|Children|Comedy|Musical
106;106;Rocketeer, The (1991);Action|Adventure|Sci-Fi
107;107;Sleeping Beauty (1959);Animation|Children|Musical
108;108;Tron (1982);Action|Adventure|Sci-Fi
109;109;Indiana Jones and the Temple of Doom (1984);Action|Adventure|Fantasy
110;110;Charlotte's Web (1973);Animation|Children
111;111;Secret of NIMH, The (1982);Adventure|Animation|Children|Drama
112;112;NeverEnding Story, The (1984);Adventure|Children|Fantasy
113;113;Beetlejuice (1988);Comedy|Fantasy
114;114;Willow (1988);Action|Adventure|Fantasy
115;115;Few Good Men, A (1992);Crime|Drama|Thriller
116;116;Rush Hour (1998);Action|Comedy|Crime|Thriller
117;117;Edward Scissorhands (1990);Drama|Fantasy|Romance
118;118;American History X (1998);Crime|Drama
119;119;Enemy of the State (1998);Action|Thriller
120;120;King Kong (1933);Action|Adventure|Fantasy|Horror
121;121;Rushmore (1998);Comedy|Drama
122;122;Romancing the Stone (1984);Action|Adventure|Comedy|Romance
123;123;Thin Red Line, The (1998);Action|Drama|War
124;124;Crocodile Dundee (1986);Adventure|Comedy
125;125;¡Three Amigos! (1986);Comedy|Western
126;126;Office Space (1999);Comedy|Crime
127;127;Logan's Run (1976);Action|Adventure|Sci-Fi
128;128;Planet of the Apes (1968);Action|Drama|Sci-Fi
129;129;Lock, Stock & Two Smoking Barrels (1998);Comedy|Crime|Thriller
130;130;Matrix, The (1999);Action|Sci-Fi|Thriller
131;131;Go (1999);Comedy|Crime
132;132;Dick Tracy (1990);Action|Crime
133;133;Mummy, The (1999);Action|Adventure|Comedy|Fantasy|Horror|Thriller
134;134;Star Wars: Episode I - The Phantom Menace (1999);Action|Adventure|Sci-Fi
135;135;Superman (1978);Action|Adventure|Sci-Fi
136;136;Superman II (1980);Action|Sci-Fi
137;137;Rocky Horror Picture Show, The (1975);Comedy|Horror|Musical|Sci-Fi
138;138;Run Lola Run (Lola rennt) (1998);Action|Crime
139;139;South Park: Bigger, Longer and Uncut (1999);Animation|Comedy|Musical
140;140;Ghostbusters (a.k.a. Ghost Busters) (1984);Action|Comedy|Sci-Fi
141;141;Iron Giant, The (1999);Adventure|Animation|Children|Drama|Sci-Fi
142;142;Big (1988);Comedy|Drama|Fantasy|Romance
143;143;13th Warrior, The (1999);Action|Adventure|Fantasy
144;144;American Beauty (1999);Drama|Romance
145;145;Excalibur (1981);Adventure|Fantasy
146;146;Total Recall (1990);Action|Adventure|Sci-Fi|Thriller
147;147;Dirty Dozen, The (1967);Action|Drama|War
148;148;Goldfinger (1964);Action|Adventure|Thriller
149;149;From Russia with Love (1963);Action|Adventure|Thriller
150;150;Dr. No (1962);Action|Adventure|Thriller
151;151;Fight Club (1999);Action|Crime|Drama|Thriller
152;152;RoboCop (1987);Action|Crime|Drama|Sci-Fi|Thriller
153;153;Who Framed Roger Rabbit? (1988);Adventure|Animation|Children|Comedy|Crime|Fantasy|Mystery
154;154;Live and Let Die (1973);Action|Adventure|Thriller
155;155;Thunderball (1965);Action|Adventure|Thriller
156;156;Being John Malkovich (1999);Comedy|Drama|Fantasy
157;157;Spaceballs (1987);Comedy|Sci-Fi
158;158;Robin Hood (1973);Adventure|Animation|Children|Comedy|Musical
159;159;Dogma (1999);Adventure|Comedy|Fantasy
160;160;Green Mile, The (1999);Crime|Drama
161;161;Easy Rider (1969);Adventure|Drama
162;162;Talented Mr. Ripley, The (1999);Drama|Mystery|Thriller
163;163;Sister Act (1992);Comedy|Crime
164;164;Wayne's World (1992);Comedy
165;165;Scream 3 (2000);Comedy|Horror|Mystery|Thriller
166;166;JFK (1991);Drama|Mystery|Thriller
167;167;Good Morning, Vietnam (1987);Comedy|Drama|War
168;168;Grumpy Old Men (1993);Comedy
169;169;Hook (1991);Adventure|Comedy|Fantasy
170;170;Predator (1987);Action|Sci-Fi|Thriller
171;171;Gladiator (2000);Action|Adventure|Drama
172;172;Road Trip (2000);Comedy
173;173;Blazing Saddles (1974);Comedy|Western
174;174;Mad Max (1979);Action|Adventure|Sci-Fi
175;175;Road Warrior, The (Mad Max 2) (1981);Action|Adventure|Sci-Fi|Thriller
176;176;Big Trouble in Little China (1986);Action|Adventure|Comedy|Fantasy
177;177;X-Men (2000);Action|Adventure|Sci-Fi
178;178;What About Bob? (1991);Comedy
179;179;M*A*S*H (a.k.a. MASH) (1970);Comedy|Drama|War
180;180;Shawshank Redemption, The (1994);Crime|Drama
181;181;Good Will Hunting (1997);Drama|Romance
182;182;Kill Bill: Vol. 1 (2003);Action|Crime|Thriller
183;183;Collateral (2004);Action|Crime|Drama|Thriller
184;184;Talladega Nights: The Ballad of Ricky Bobby (2006);Action|Comedy
185;185;Departed, The (2006);Crime|Drama|Thriller
186;186;Dark Knight, The (2008);Action|Crime|Drama|IMAX
187;187;Step Brothers (2008);Comedy
188;188;Inglourious Basterds (2009);Action|Drama|War
189;189;Zombieland (2009);Action|Comedy|Horror
190;190;Shutter Island (2010);Drama|Mystery|Thriller
191;191;Inception (2010);Action|Crime|Drama|Mystery|Sci-Fi|Thriller|IMAX
192;192;Town, The (2010);Crime|Drama|Thriller
193;193;Dark Knight Rises, The (2012);Action|Adventure|Crime|IMAX
194;194;Girl with the Dragon Tattoo, The (2011);Drama|Thriller
195;195;Django Unchained (2012);Action|Drama|Western
196;196;Wolf of Wall Street, The (2013);Comedy|Crime|Drama
197;197;Interstellar (2014);Sci-Fi|IMAX
198;198;Whiplash (2014);Drama
199;199;Ex Machina (2015);Drama|Sci-Fi|Thriller
200;200;Mad Max: Fury Road (2015);Action|Adventure|Sci-Fi|Thriller
201;201;Dangerous Minds (1995);Drama
202;202;Courage Under Fire (1996);Action|Crime|Drama|War
203;203;Wallace & Gromit: The Best of Aardman Animation (1996);Adventure|Animation|Comedy
204;204;Escape from L.A. (1996);Action|Adventure|Sci-Fi|Thriller
205;205;My Fair Lady (1964);Comedy|Drama|Musical|Romance
206;206;Doors, The (1991);Drama
207;207;Deer Hunter, The (1978);Drama|War
208;208;Patton (1970);Drama|War
209;209;Field of Dreams (1989);Children|Drama|Fantasy
210;210;Star Trek: The Motion Picture (1979);Adventure|Sci-Fi
211;211;Lady and the Tramp (1955);Animation|Children|Comedy|Romance
212;212;Thing, The (1982);Action|Horror|Sci-Fi|Thriller
213;213;You've Got Mail (1998);Comedy|Romance
214;214;Fast Times at Ridgemont High (1982);Comedy|Drama|Romance
215;215;Requiem for a Dream (2000);Drama
216;216;2012 (2009);Action|Drama|Sci-Fi|Thriller
217;217;Get Shorty (1995);Comedy|Crime|Thriller
218;218;Twelve Monkeys (a.k.a. 12 Monkeys) (1995);Mystery|Sci-Fi|Thriller
219;219;To Die For (1995);Comedy|Drama|Thriller
220;220;Mighty Aphrodite (1995);Comedy|Drama|Romance
221;221;Postman, The (Postino, Il) (1994);Comedy|Drama|Romance
222;222;Before Sunrise (1995);Drama|Romance
223;223;Heavenly Creatures (1994);Crime|Drama
224;224;Like Water for Chocolate (Como agua para chocolate) (1992);Drama|Fantasy|Romance
225;225;Muriel's Wedding (1994);Comedy
226;226;Adventures of Priscilla, Queen of the Desert, The (1994);Comedy|Drama
227;227;Bullets Over Broadway (1994);Comedy
228;228;Four Weddings and a Funeral (1994);Comedy|Romance
229;229;Maverick (1994);Adventure|Comedy|Western
230;230;In the Name of the Father (1993);Drama
231;231;Piano, The (1993);Drama|Romance
232;232;Sleepless in Seattle (1993);Comedy|Drama|Romance
233;233;Aladdin (1992);Adventure|Animation|Children|Comedy|Musical
234;234;Beauty and the Beast (1991);Animation|Children|Fantasy|Musical|Romance|IMAX
235;235;Truth About Cats & Dogs, The (1996);Comedy|Romance
236;236;Philadelphia Story, The (1940);Comedy|Drama|Romance
237;237;Singin' in the Rain (1952);Comedy|Musical|Romance
238;238;Breakfast at Tiffany's (1961);Drama|Romance
239;239;Rear Window (1954);Mystery|Thriller
240;240;North by Northwest (1959);Action|Adventure|Mystery|Romance|Thriller
241;241;Some Like It Hot (1959);Comedy|Crime
242;242;Casablanca (1942);Drama|Romance
243;243;Gone with the Wind (1939);Drama|Romance|War
244;244;Sleeper (1973);Comedy|Sci-Fi
245;245;Fish Called Wanda, A (1988);Comedy|Crime
246;246;Bonnie and Clyde (1967);Crime|Drama
247;247;Dial M for Murder (1954);Crime|Mystery|Thriller
248;248;Crying Game, The (1992);Drama|Romance|Thriller
249;249;Grifters, The (1990);Crime|Drama|Film-Noir
250;250;English Patient, The (1996);Drama|Romance|War
251;251;Strictly Ballroom (1992);Comedy|Romance
252;252;Brazil (1985);Fantasy|Sci-Fi
253;253;12 Angry Men (1957);Drama
254;254;Amadeus (1984);Drama
255;255;Bridge on the River Kwai, The (1957);Adventure|Drama|War
256;256;Stand by Me (1986);Adventure|Drama
257;257;Unforgiven (1992);Drama|Western
258;258;This Is Spinal Tap (1984);Comedy
259;259;Butch Cassidy and the Sundance Kid (1969);Action|Western
260;260;Mars Attacks! (1996);Action|Comedy|Sci-Fi
261;261;Waiting for Guffman (1996);Comedy
262;262;Donnie Brasco (1997);Crime|Drama
263;263;Conspiracy Theory (1997);Drama|Mystery|Romance|Thriller
264;264;Full Monty, The (1997);Comedy|Drama
265;265;Bulworth (1998);Comedy|Drama|Romance
266;266;Mulan (1998);Adventure|Animation|Children|Comedy|Drama|Musical|Romance
267;267;There's Something About Mary (1998);Comedy|Romance
268;268;West Side Story (1961);Drama|Musical|Romance
269;269;Breakfast Club, The (1985);Comedy|Drama
270;270;Seven Samurai (Shichinin no samurai) (1954);Action|Adventure|Drama
271;271;Blue Velvet (1986);Drama|Mystery|Thriller
272;272;Jerk, The (1979);Comedy
273;273;Pretty in Pink (1986);Comedy|Drama|Romance
274;274;Gods Must Be Crazy, The (1980);Adventure|Comedy
275;275;Strangers on a Train (1951);Crime|Drama|Film-Noir|Thriller
276;276;Life Is Beautiful (La Vita è bella) (1997);Comedy|Drama|Romance|War
277;277;Elizabeth (1998);Drama
278;278;Waking Ned Devine (a.k.a. Waking Ned) (1998);Comedy
279;279;Election (1999);Comedy
280;280;Austin Powers: The Spy Who Shagged Me (1999);Action|Adventure|Comedy
281;281;Eyes Wide Shut (1999);Drama|Mystery|Thriller
282;282;Sixth Sense, The (1999);Drama|Horror|Mystery
283;283;Thomas Crown Affair, The (1999);Action|Mystery
284;284;Bowfinger (1999);Comedy
285;285;Airplane! (1980);Comedy
286;286;Magnolia (1999);Drama
287;287;Galaxy Quest (1999);Adventure|Comedy|Sci-Fi
288;288;League of Their Own, A (1992);Comedy|Drama
289;289;Wonder Boys (2000);Comedy|Drama
290;290;Erin Brockovich (2000);Drama
291;291;High Fidelity (2000);Comedy|Drama|Romance
292;292;Almost Famous (2000);Drama
293;293;Best in Show (2000);Comedy
294;294;Billy Elliot (2000);Drama
295;295;Crouching Tiger, Hidden Dragon (Wo hu cang long) (2000);Action|Drama|Romance
296;296;Planes, Trains & Automobiles (1987);Comedy
297;297;Chocolat (2000);Drama|Romance
298;298;O Brother, Where Art Thou? (2000);Adventure|Comedy|Crime
299;299;Traffic (2000);Crime|Drama|Thriller
300;300;Memento (2000);Mystery|Thriller
301;301;Blow (2001);Crime|Drama
302;302;Bridget Jones's Diary (2001);Comedy|Drama|Romance
303;303;Moulin Rouge (2001);Drama|Musical|Romance
304;304;Ghost World (2001);Comedy|Drama
305;305;Harry Potter and the Sorcerer's Stone (a.k.a. Harry Potter and the Philosopher's Stone) (2001);Adventure|Children|Fantasy
306;306;Babe (1995);Children|Drama
307;307;Dead Man Walking (1995);Crime|Drama
308;308;Clueless (1995);Comedy|Romance
309;309;Apollo 13 (1995);Adventure|Drama|IMAX
310;310;Batman Forever (1995);Action|Adventure|Comedy|Crime
311;311;Interview with the Vampire: The Vampire Chronicles (1994);Drama|Horror
312;312;Little Women (1994);Drama
313;313;Legends of the Fall (1994);Drama|Romance|War|Western
314;314;Quiz Show (1994);Drama
315;315;Ace Ventura: Pet Detective (1994);Comedy
316;316;Lion King, The (1994);Adventure|Animation|Children|Drama|Musical|IMAX
317;317;True Lies (1994);Action|Adventure|Comedy|Romance|Thriller
318;318;Addams Family Values (1993);Children|Comedy|Fantasy
319;319;In the Line of Fire (1993);Action|Thriller
320;320;Remains of the Day, The (1993);Drama|Romance
321;321;Secret Garden, The (1993);Children|Drama
322;322;Terminator 2: Judgment Day (1991);Action|Sci-Fi
323;323;Snow White and the Seven Dwarfs (1937);Animation|Children|Drama|Fantasy|Musical
324;324;Pretty Woman (1990);Comedy|Romance
325;325;Jumanji (1995);Adventure|Children|Fantasy
326;326;Father of the Bride Part II (1995);Comedy
327;327;Sabrina (1995);Comedy|Romance
328;328;GoldenEye (1995);Action|Adventure|Thriller
329;329;American President, The (1995);Comedy|Drama|Romance
330;330;Casino (1995);Crime|Drama
331;331;Sense and Sensibility (1995);Drama|Romance
332;332;Ace Ventura: When Nature Calls (1995);Comedy
333;333;Copycat (1995);Crime|Drama|Horror|Mystery|Thriller
334;334;Powder (1995);Drama|Sci-Fi
335;335;Leaving Las Vegas (1995);Drama|Romance
336;336;Indian in the Cupboard, The (1995);Adventure|Children|Fantasy
337;337;Mr. Holland's Opus (1995);Drama
338;338;Bio-Dome (1996);Comedy
339;339;Broken Arrow (1996);Action|Adventure|Thriller
340;340;Happy Gilmore (1996);Comedy
341;341;Bridges of Madison County, The (1995);Drama|Romance
342;342;Rumble in the Bronx (Hont faan kui) (1995);Action|Adventure|Comedy|Crime
343;343;Down Periscope (1996);Comedy
344;344;Birdcage, The (1996);Comedy
345;345;Bad Boys (1995);Action|Comedy|Crime|Drama|Thriller
346;346;Casper (1995);Adventure|Children
347;347;Congo (1995);Action|Adventure|Mystery|Sci-Fi
348;348;Crimson Tide (1995);Drama|Thriller|War
349;349;Die Hard: With a Vengeance (1995);Action|Crime|Thriller
350;350;First Knight (1995);Action|Drama|Romance
351;351;Hackers (1995);Action|Adventure|Crime|Thriller
352;352;Mallrats (1995);Comedy|Romance
353;353;Net, The (1995);Action|Crime|Thriller
354;354;Nine Months (1995);Comedy|Romance
355;355;Species (1995);Horror|Sci-Fi
356;356;Under Siege 2: Dark Territory (1995);Action
357;357;Walk in the Clouds, A (1995);Drama|Romance
358;358;Waterworld (1995);Action|Adventure|Sci-Fi
359;359;Don Juan DeMarco (1995);Comedy|Drama|Romance
360;360;Disclosure (1994);Drama|Thriller
361;361;Dolores Claiborne (1995);Drama|Thriller
362;362;French Kiss (1995);Action|Comedy|Romance
363;363;Forget Paris (1995);Comedy|Romance
364;364;I.Q. (1994);Comedy|Romance
365;365;Junior (1994);Comedy|Sci-Fi
366;366;Little Princess, A (1995);Children|Drama
367;367;Mary Shelley's Frankenstein (Frankenstein) (1994);Drama|Horror|Sci-Fi
368;368;Milk Money (1994);Comedy|Romance
369;369;Miracle on 34th Street (1994);Drama
370;370;Nell (1994);Drama
371;371;Natural Born Killers (1994);Action|Crime|Thriller
372;372;Outbreak (1995);Action|Drama|Sci-Fi|Thriller
373;373;Léon: The Professional (a.k.a. The Professional) (Léon) (1994);Action|Crime|Drama|Thriller
374;374;Quick and the Dead, The (1995);Action|Thriller|Western
375;375;Specialist, The (1994);Action|Drama|Thriller
376;376;Santa Clause, The (1994);Comedy|Drama|Fantasy
377;377;Tank Girl (1995);Action|Comedy|Sci-Fi
378;378;Star Trek: Generations (1994);Adventure|Drama|Sci-Fi
379;379;What's Eating Gilbert Grape (1993);Drama
380;380;While You Were Sleeping (1995);Comedy|Romance
381;381;Client, The (1994);Drama|Mystery|Thriller
382;382;Crow, The (1994);Action|Crime|Fantasy|Thriller
383;383;Flintstones, The (1994);Children|Comedy|Fantasy
384;384;Naked Gun 33 1/3: The Final Insult (1994);Action|Comedy
385;385;Paper, The (1994);Comedy|Drama
386;386;Richie Rich (1994);Children|Comedy
387;387;Speed (1994);Action|Romance|Thriller
388;388;Wyatt Earp (1994);Western
389;389;City Slickers II: The Legend of Curly's Gold (1994);Adventure|Comedy|Western
390;390;Cliffhanger (1993);Action|Adventure|Thriller
391;391;Coneheads (1993);Comedy|Sci-Fi
392;392;Dave (1993);Comedy|Romance
393;393;Firm, The (1993);Drama|Thriller
394;394;Free Willy (1993);Adventure|Children|Drama
395;395;Hot Shots! Part Deux (1993);Action|Comedy|War
396;396;Englishman Who Went Up a Hill But Came Down a Mountain, The (1995);Comedy|Romance
397;397;Last Action Hero (1993);Action|Adventure|Comedy|Fantasy
398;398;Executive Decision (1996);Action|Adventure|Thriller
399;399;Much Ado About Nothing (1993);Comedy|Romance
400;400;Philadelphia (1993);Drama
401;401;Robin Hood: Men in Tights (1993);Comedy
402;402;Rudy (1993);Drama
403;403;Super Mario Bros. (1993);Action|Adventure|Children|Comedy|Fantasy|Sci-Fi
404;404;Ghost (1990);Comedy|Drama|Fantasy|Romance|Thriller
405;405;Aristocats, The (1970);Animation|Children
406;406;Primal Fear (1996);Crime|Drama|Mystery|Thriller
407;407;Sgt. Bilko (1996);Comedy
408;408;Multiplicity (1996);Comedy
409;409;Striptease (1996);Comedy|Crime
410;410;Hunchback of Notre Dame, The (1996);Animation|Children|Drama|Musical|Romance
411;411;Frighteners, The (1996);Comedy|Horror|Thriller
412;412;Phenomenon (1996);Drama|Romance
413;413;First Wives Club, The (1996);Comedy
414;414;Matilda (1996);Children|Comedy|Fantasy
415;415;Emma (1996);Comedy|Drama|Romance
416;416;Tin Cup (1996);Comedy|Drama|Romance
417;417;Island of Dr. Moreau, The (1996);Sci-Fi|Thriller
418;418;Sleepers (1996);Thriller
419;419;Dr. Strangelove or: How I Learned to Stop Worrying and Love the Bomb (1964);Comedy|War
420;420;2001: A Space Odyssey (1968);Adventure|Drama|Sci-Fi
421;421;Top Gun (1986);Action|Romance
422;422;Dead Poets Society (1989);Drama
423;423;Contact (1997);Drama|Sci-Fi
424;424;Hunt for Red October, The (1990);Action|Adventure|Thriller
425;425;Truman Show, The (1998);Comedy|Drama|Sci-Fi
426;426;As Good as It Gets (1997);Comedy|Drama|Romance
427;427;Armageddon (1998);Action|Romance|Sci-Fi|Thriller
428;428;Notting Hill (1999);Comedy|Romance
429;429;Wild Wild West (1999);Action|Comedy|Sci-Fi|Western
430;430;Ghostbusters II (1989);Comedy|Fantasy|Sci-Fi
431;431;Toy Story 2 (1999);Adventure|Animation|Children|Comedy|Fantasy
432;432;Mission to Mars (2000);Sci-Fi
433;433;Mission: Impossible II (2000);Action|Adventure|Thriller
434;434;Naked Gun 2 1/2: The Smell of Fear, The (1991);Comedy
435;435;Remember the Titans (2000);Drama
436;436;Charlie's Angels (2000);Action|Comedy
437;437;Unbreakable (2000);Drama|Sci-Fi
438;438;What Women Want (2000);Comedy|Romance
439;439;Enemy at the Gates (2001);Drama|War
440;440;Shrek (2001);Adventure|Animation|Children|Comedy|Fantasy|Romance
441;441;Pearl Harbor (2001);Action|Drama|Romance|War
442;442;A.I. Artificial Intelligence (2001);Adventure|Drama|Sci-Fi
443;443;Planet of the Apes (2001);Action|Adventure|Drama|Sci-Fi
444;444;Princess Diaries, The (2001);Children|Comedy|Romance
445;445;K-PAX (2001);Drama|Fantasy|Mystery|Sci-Fi
446;446;Monsters, Inc. (2001);Adventure|Animation|Children|Comedy|Fantasy
447;447;Ocean's Eleven (2001);Crime|Thriller
448;448;Lord of the Rings: The Fellowship of the Ring, The (2001);Adventure|Fantasy
449;449;Beautiful Mind, A (2001);Drama|Romance
450;450;Ice Age (2002);Adventure|Animation|Children|Comedy
451;451;Spider-Man (2002);Action|Adventure|Sci-Fi|Thriller
452;452;Star Wars: Episode II - Attack of the Clones (2002);Action|Adventure|Sci-Fi|IMAX
453;453;Minority Report (2002);Action|Crime|Mystery|Sci-Fi|Thriller
454;454;Men in Black II (a.k.a. MIIB) (a.k.a. MIB 2) (2002);Action|Comedy|Sci-Fi
455;455;Road to Perdition (2002);Crime|Drama
456;456;Signs (2002);Horror|Sci-Fi|Thriller
457;457;Spirited Away (Sen to Chihiro no kamikakushi) (2001);Adventure|Animation|Fantasy
458;458;Harry Potter and the Chamber of Secrets (2002);Adventure|Fantasy
459;459;Lord of the Rings: The Two Towers, The (2002);Adventure|Fantasy
460;460;Catch Me If You Can (2002);Crime|Drama
461;461;Chicago (2002);Comedy|Crime|Drama|Musical
462;462;X2: X-Men United (2003);Action|Adventure|Sci-Fi|Thriller
463;463;Matrix Reloaded, The (2003);Action|Adventure|Sci-Fi|Thriller|IMAX
464;464;Hulk (2003);Action|Adventure|Sci-Fi
465;465;Pirates of the Caribbean: The Curse of the Black Pearl (2003);Action|Adventure|Comedy|Fantasy
466;466;School of Rock (2003);Comedy|Musical
467;467;Matrix Revolutions, The (2003);Action|Adventure|Sci-Fi|Thriller|IMAX
468;468;Last Samurai, The (2003);Action|Adventure|Drama|War
469;469;Lord of the Rings: The Return of the King, The (2003);Action|Adventure|Drama|Fantasy
470;470;Man on Fire (2004);Action|Crime|Drama|Mystery|Thriller
471;471;Shrek 2 (2004);Adventure|Animation|Children|Comedy|Musical|Romance
472;472;Harry Potter and the Prisoner of Azkaban (2004);Adventure|Fantasy|IMAX
473;473;Dodgeball: A True Underdog Story (2004);Comedy
474;474;Spider-Man 2 (2004);Action|Adventure|Sci-Fi|IMAX
475;475;Bourne Supremacy, The (2004);Action|Crime|Thriller
476;476;Village, The (2004);Drama|Mystery|Thriller
477;477;Sideways (2004);Comedy|Drama|Romance
478;478;Saw (2004);Horror|Mystery|Thriller
479;479;Incredibles, The (2004);Action|Adventure|Animation|Children|Comedy
480;480;Finding Neverland (2004);Drama
481;481;National Treasure (2004);Action|Adventure|Drama|Mystery|Thriller
482;482;Ocean's Twelve (2004);Action|Comedy|Crime|Thriller
483;483;Aviator, The (2004);Drama
484;484;Sin City (2005);Action|Crime|Film-Noir|Mystery|Thriller
485;485;Star Wars: Episode III - Revenge of the Sith (2005);Action|Adventure|Sci-Fi
486;486;Batman Begins (2005);Action|Crime|IMAX
487;487;War of the Worlds (2005);Action|Adventure|Sci-Fi|Thriller
488;488;Island, The (2005);Action|Sci-Fi|Thriller
489;489;Capote (2005);Crime|Drama
490;490;X-Men: The Last Stand (2006);Action|Sci-Fi|Thriller
491;491;Cars (2006);Animation|Children|Comedy
492;492;Superman Returns (2006);Action|Adventure|Sci-Fi|IMAX
493;493;Casino Royale (2006);Action|Adventure|Thriller
494;494;Holiday, The (2006);Comedy|Romance
495;495;Home Alone (1990);Children|Comedy
496;496;Sunset Blvd. (a.k.a. Sunset Boulevard) (1950);Drama|Film-Noir|Romance
497;497;Lawnmower Man, The (1992);Action|Horror|Sci-Fi|Thriller
498;498;Witness (1985);Drama|Romance|Thriller
499;499;Back to the Future Part II (1989);Adventure|Comedy|Sci-Fi
500;500;Godfather: Part III, The (1990);Crime|Drama|Mystery|Thriller
501;501;Producers, The (1968);Comedy
502;502;Austin Powers in Goldmember (2002);Comedy
503;503;xXx (2002);Action|Crime|Thriller
504;504;Die Another Day (2002);Action|Adventure|Thriller
505;505;Adaptation (2002);Comedy|Drama|Romance
506;506;Gangs of New York (2002);Crime|Drama
507;507;Mary Poppins (1964);Children|Comedy|Fantasy|Musical
508;508;Dirty Dancing (1987);Drama|Musical|Romance
509;509;Graduate, The (1967);Comedy|Drama|Romance
510;510;When Harry Met Sally... (1989);Comedy|Romance
511;511;Bring It On (2000);Comedy
512;512;Legally Blonde (2001);Comedy|Romance
513;513;About a Boy (2002);Comedy|Drama|Romance
514;514;Sweet Home Alabama (2002);Comedy|Romance
515;515;How to Lose a Guy in 10 Days (2003);Comedy|Romance
516;516;Finding Nemo (2003);Adventure|Animation|Children|Comedy
517;517;Love Actually (2003);Comedy|Drama|Romance
518;518;50 First Dates (2004);Comedy|Romance
519;519;Mean Girls (2004);Comedy
520;520;Troy (2004);Action|Adventure|Drama|War
521;521;Terminal, The (2004);Comedy|Drama|Romance
522;522;Notebook, The (2004);Drama|Romance
523;523;Hotel Rwanda (2004);Drama|War
524;524;Hitch (2005);Comedy|Romance
525;525;Mr. & Mrs. Smith (2005);Action|Adventure|Comedy|Romance
526;526;Pride & Prejudice (2005);Drama|Romance
527;527;Walk the Line (2005);Drama|Musical|Romance
528;528;Pursuit of Happyness, The (2006);Drama
529;529;300 (2007);Action|Fantasy|War|IMAX
530;530;Bourne Ultimatum, The (2007);Action|Crime|Thriller
531;531;Juno (2007);Comedy|Drama|Romance
532;532;Quantum of Solace (2008);Action|Adventure|Thriller
533;533;Twilight (2008);Drama|Fantasy|Romance|Thriller
534;534;Yes Man (2008);Comedy
535;535;Up (2009);Adventure|Animation|Children|Drama
536;536;Harry Potter and the Half-Blood Prince (2009);Adventure|Fantasy|Mystery|Romance|IMAX
537;537;Up in the Air (2009);Drama|Romance
538;538;Avatar (2009);Action|Adventure|Sci-Fi|IMAX
539;539;Sherlock Holmes (2009);Action|Crime|Mystery|Thriller
540;540;Despicable Me (2010);Animation|Children|Comedy|Crime
541;541;Easy A (2010);Comedy|Romance
542;542;King's Speech, The (2010);Drama
543;543;Tangled (2010);Animation|Children|Comedy|Fantasy|Musical|Romance|IMAX
544;544;Crazy, Stupid, Love. (2011);Comedy|Drama|Romance
545;545;Help, The (2011);Drama
546;546;Intouchables (2011);Comedy|Drama
547;547;Brave (2012);Action|Adventure|Animation|Children
548;548;Amazing Spider-Man, The (2012);Action|Adventure|Sci-Fi|IMAX
549;549;Skyfall (2012);Action|Adventure|Thriller|IMAX
550;550;Life of Pi (2012);Adventure|Drama|IMAX
551;551;Hobbit: The Desolation of Smaug, The (2013);Adventure|Fantasy|IMAX
552;552;Frozen (2013);Adventure|Animation|Comedy|Fantasy|Musical|Romance
553;553;Grand Budapest Hotel, The (2014);Comedy|Drama
554;554;Kingsman: The Secret Service (2015);Action|Adventure|Comedy|Crime
555;555;Mortal Kombat (1995);Action|Adventure|Fantasy
556;556;River Wild, The (1994);Action|Thriller
557;557;Searching for Bobby Fischer (1993);Drama
558;558;Sling Blade (1996);Drama
559;559;Die Hard 2 (1990);Action|Adventure|Thriller
560;560;Under Siege (1992);Action|Drama|Thriller
561;561;Dante's Peak (1997);Action|Thriller
562;562;G.I. Jane (1997);Action|Drama
563;563;Air Force One (1997);Action|Thriller
564;564;Titanic (1997);Drama|Romance
565;565;Godzilla (1998);Action|Sci-Fi|Thriller
566;566;Lethal Weapon 4 (1998);Action|Comedy|Crime|Thriller
567;567;Lethal Weapon 3 (1992);Action|Comedy|Crime|Drama
568;568;Shine (1996);Drama|Romance
569;569;Beavis and Butt-Head Do America (1996);Adventure|Animation|Comedy|Crime
570;570;Deep Impact (1998);Drama|Sci-Fi|Thriller
571;571;Splash (1984);Comedy|Fantasy|Romance
572;572;Karate Kid, Part II, The (1986);Action|Adventure|Drama
573;573;She's All That (1999);Comedy|Romance
574;574;10 Things I Hate About You (1999);Comedy|Romance
575;575;Never Been Kissed (1999);Comedy|Romance
576;576;Big Daddy (1999);Comedy
577;577;Event Horizon (1997);Horror|Sci-Fi|Thriller
578;578;Chasing Amy (1997);Comedy|Drama|Romance
579;579;Cruel Intentions (1999);Drama
580;580;Pitch Black (2000);Horror|Sci-Fi|Thriller
581;581;Final Destination (2000);Drama|Thriller
582;582;Shanghai Noon (2000);Action|Adventure|Comedy|Western
583;583;Gone in 60 Seconds (2000);Action|Crime
584;584;Patriot, The (2000);Action|Drama|War
585;585;What Lies Beneath (2000);Drama|Horror|Mystery
586;586;Space Cowboys (2000);Action|Adventure|Comedy|Sci-Fi
587;587;Cell, The (2000);Drama|Horror|Thriller
588;588;Snatch (2000);Comedy|Crime|Thriller
589;589;Hannibal (2001);Horror|Thriller
590;590;Showgirls (1995);Drama
591;591;Cable Guy, The (1996);Comedy|Thriller
592;592;Johnny Mnemonic (1995);Action|Sci-Fi|Thriller
593;593;Godfather, The (1972);Crime|Drama
594;594;Aliens (1986);Action|Adventure|Horror|Sci-Fi
595;595;Nightmare on Elm Street, A (1984);Horror|Thriller
596;596;Fifth Element, The (1997);Action|Adventure|Comedy|Sci-Fi
597;597;Gattaca (1997);Drama|Sci-Fi|Thriller
598;598;X-Files: Fight the Future, The (1998);Action|Crime|Mystery|Sci-Fi|Thriller
599;599;Lethal Weapon 2 (1989);Action|Comedy|Crime|Drama
600;600;Little Mermaid, The (1989);Animation|Children|Comedy|Musical|Romance
601;601;101 Dalmatians (One Hundred and One Dalmatians) (1961);Adventure|Animation|Children
602;602;Ronin (1998);Action|Crime|Thriller
603;603;Misery (1990);Drama|Horror|Thriller
604;604;Frequency (2000);Drama|Thriller
605;605;American Psycho (2000);Crime|Horror|Mystery|Thriller
606;606;U-571 (2000);Action|Thriller|War
607;607;Cast Away (2000);Drama
608;608;Others, The (2001);Drama|Horror|Mystery|Thriller
609;609;My Neighbor Totoro (Tonari no Totoro) (1988);Animation|Children|Drama|Fantasy
610;610;28 Days Later (2002);Action|Horror|Sci-Fi
611;611;The Butterfly Effect (2004);Drama|Sci-Fi|Thriller
612;612;Kill Bill: Vol. 2 (2004);Action|Drama|Thriller
613;613;I, Robot (2004);Action|Adventure|Sci-Fi|Thriller
614;614;Children of Men (2006);Action|Adventure|Drama|Sci-Fi|Thriller
615;615;Prestige, The (2006);Drama|Mystery|Sci-Fi|Thriller
616;616;Ratatouille (2007);Animation|Children|Drama
617;617;I Am Legend (2007);Action|Horror|Sci-Fi|Thriller|IMAX
618;618;Iron Man (2008);Action|Adventure|Sci-Fi
619;619;WALL·E (2008);Adventure|Animation|Children|Romance|Sci-Fi
620;620;Gran Torino (2008);Crime|Drama
621;621;Moon (2009);Drama|Mystery|Sci-Fi|Thriller
622;622;(500) Days of Summer (2009);Comedy|Drama|Romance
623;623;District 9 (2009);Mystery|Sci-Fi|Thriller
624;624;Limitless (2011);Sci-Fi|Thriller
625;625;Adjustment Bureau, The (2011);Romance|Sci-Fi|Thriller
626;626;Source Code (2011);Action|Drama|Mystery|Sci-Fi|Thriller
627;627;Avengers, The (2012);Action|Adventure|Sci-Fi|IMAX
628;628;The Hunger Games (2012);Action|Adventure|Drama|Sci-Fi|Thriller
629;629;Prometheus (2012);Action|Horror|Sci-Fi|IMAX
630;630;Looper (2012);Action|Crime|Sci-Fi
631;631;Gravity (2013);Action|Sci-Fi|IMAX
632;632;Captain Phillips (2013);Adventure|Drama|Thriller|IMAX
633;633;Captain America: The Winter Soldier (2014);Action|Adventure|Sci-Fi|IMAX
634;634;Edge of Tomorrow (2014);Action|Sci-Fi|IMAX
635;635;Gone Girl (2014);Drama|Thriller
636;636;Guardians of the Galaxy (2014);Action|Adventure|Sci-Fi
637;637;John Wick (2014);Action|Thriller
638;638;Star Wars: Episode VII - The Force Awakens (2015);Action|Adventure|Fantasy|Sci-Fi|IMAX
639;639;Deadpool (2016);Action|Adventure|Comedy|Sci-Fi
640;640;Doctor Strange (2016);Action|Adventure|Sci-Fi
641;641;The Martian (2015);Adventure|Drama|Sci-Fi
642;642;Inside Out (2015);Adventure|Animation|Children|Comedy|Drama|Fantasy
643;643;Zootopia (2016);Action|Adventure|Animation|Children|Comedy
644;644;Rogue One: A Star Wars Story (2016);Action|Adventure|Fantasy|Sci-Fi
645;645;Taxi Driver (1976);Crime|Drama|Thriller
646;646;Blade Runner (1982);Action|Sci-Fi|Thriller
647;647;Wallace & Gromit: A Close Shave (1995);Animation|Children|Comedy
648;648;Maltese Falcon, The (1941);Film-Noir|Mystery
649;649;Wallace & Gromit: The Wrong Trousers (1993);Animation|Children|Comedy|Crime
650;650;Sex, Lies, and Videotape (1989);Drama
651;651;One Flew Over the Cuckoo's Nest (1975);Drama
652;652;Good, the Bad and the Ugly, The (Buono, il brutto, il cattivo, Il) (1966);Action|Adventure|Western
653;653;To Kill a Mockingbird (1962);Drama
654;654;Grand Day Out with Wallace and Gromit, A (1989);Adventure|Animation|Children|Comedy|Sci-Fi
655;655;Annie Hall (1977);Comedy|Romance
656;656;Chinatown (1974);Crime|Film-Noir|Mystery|Thriller
657;657;Evil Dead II (Dead by Dawn) (1987);Action|Comedy|Fantasy|Horror
658;658;Manchurian Candidate, The (1962);Crime|Thriller|War
659;659;Cool Hand Luke (1967);Drama
660;660;Killing Fields, The (1984);Drama|War
661;661;Sliding Doors (1998);Drama|Romance
662;662;Payback (1999);Action|Thriller
663;663;Arlington Road (1999);Thriller
664;664;Mystery Men (1999);Action|Comedy|Fantasy
665;665;Princess Mononoke (Mononoke-hime) (1997);Action|Adventure|Animation|Drama|Fantasy
666;666;Fisher King, The (1991);Comedy|Drama|Fantasy|Romance
667;667;Man on the Moon (1999);Comedy|Drama
668;668;Donnie Darko (2001);Drama|Mystery|Sci-Fi|Thriller
669;669;Amelie (Fabuleux destin d'Amélie Poulain, Le) (2001);Comedy|Romance
670;670;Laputa: Castle in the Sky (Tenkû no shiro Rapyuta) (1986);Action|Adventure|Animation|Children|Fantasy|Sci-Fi
671;671;Nausicaä of the Valley of the Wind (Kaze no tani no Naushika) (1984);Adventure|Animation|Drama|Fantasy|Sci-Fi
672;672;Eternal Sunshine of the Spotless Mind (2004);Drama|Romance|Sci-Fi
673;673;Old Boy (2003);Mystery|Thriller
674;674;Pan's Labyrinth (Laberinto del fauno, El) (2006);Drama|Fantasy|Thriller
675;675;Toy Story 3 (2010);Adventure|Animation|Children|Comedy|Fantasy|IMAX
676;676;Die Hard (1988);Action|Crime|Thriller
677;677;Godfather: Part II, The (1974);Crime|Drama
678;678;Raging Bull (1980);Drama
679;679;Sting, The (1973);Comedy|Crime
680;680;Star Trek III: The Search for Spock (1984);Action|Adventure|Sci-Fi
681;681;Untouchables, The (1987);Action|Crime|Drama
682;682;Trading Places (1983);Comedy
683;683;White Men Can't Jump (1992);Comedy|Drama
684;684;For a Few Dollars More (Per qualche dollaro in più) (1965);Action|Drama|Thriller|Western
685;685;Bill & Ted's Excellent Adventure (1989);Adventure|Comedy|Sci-Fi
686;686;City of God (Cidade de Deus) (2002);Action|Adventure|Crime|Drama|Thriller
687;687;Mystic River (2003);Crime|Drama|Mystery
688;688;Howl's Moving Castle (Hauru no ugoku shiro) (2004);Adventure|Animation|Fantasy|Romance
689;689;Wrestler, The (2008);Drama
690;690;Star Trek (2009);Action|Adventure|Sci-Fi|IMAX
691;691;Social Network, The (2010);Drama
692;692;Fighter, The (2010);Drama
693;693;True Grit (2010);Western
694;694;Carlito's Way (1993);Crime|Drama
695;695;Demolition Man (1993);Action|Adventure|Sci-Fi
696;696;True Romance (1993);Crime|Thriller
697;697;Dragonheart (1996);Action|Adventure|Fantasy
698;698;Trainspotting (1996);Comedy|Crime|Drama
699;699;Cool Runnings (1993);Comedy
700;700;William Shakespeare's Romeo + Juliet (1996);Drama|Romance
701;701;Third Man, The (1949);Film-Noir|Mystery|Thriller
702;702;Star Trek: First Contact (1996);Action|Adventure|Sci-Fi|Thriller
703;703;Star Trek II: The Wrath of Khan (1982);Action|Adventure|Sci-Fi|Thriller
704;704;Lost World: Jurassic Park, The (1997);Action|Adventure|Sci-Fi|Thriller
705;705;Jackie Brown (1997);Crime|Drama|Thriller
706;706;Rain Man (1988);Drama
707;707;Rocky II (1979);Action|Drama
708;708;Rocky III (1982);Action|Drama
709;709;Rocky IV (1985);Action|Drama
710;710;Karate Kid, The (1984);Drama
711;711;American Pie (1999);Comedy|Romance
712;712;Ferris Bueller's Day Off (1986);Comedy
713;713;Fistful of Dollars, A (Per un pugno di dollari) (1964);Action|Western
714;714;Home Alone 2: Lost in New York (1992);Children|Comedy
715;715;Sleepy Hollow (1999);Fantasy|Horror|Mystery|Romance
716;716;Bodyguard, The (1992);Drama|Romance|Thriller
717;717;Boondock Saints, The (2000);Action|Crime|Drama|Thriller
718;718;Modern Times (1936);Comedy|Drama|Romance
719;719;Chicken Run (2000);Animation|Children|Comedy
720;720;Scary Movie (2000);Comedy|Horror
721;721;Scarface (1983);Action|Crime|Drama
722;722;Zoolander (2001);Comedy
723;723;Panic Room (2002);Thriller
724;724;Bourne Identity, The (2002);Action|Mystery|Thriller
725;725;Transporter, The (2002);Action|Crime
726;726;Bowling for Columbine (2002);Documentary
727;727;Ring, The (2002);Horror|Mystery|Thriller
728;728;Equilibrium (2002);Action|Sci-Fi|Thriller
729;729;Pianist, The (2002);Drama|War
730;730;Anger Management (2003);Comedy
731;731;Bruce Almighty (2003);Comedy|Drama|Fantasy|Romance
732;732;Italian Job, The (2003);Action|Crime
733;733;All the President's Men (1976);Drama|Thriller
734;734;Monty Python's The Meaning of Life (1983);Comedy
735;735;Big Fish (2003);Drama|Fantasy|Romance
736;736;Good bye, Lenin! (2003);Comedy|Drama
737;737;Hellboy (2004);Action|Adventure|Fantasy|Horror
738;738;Day After Tomorrow, The (2004);Action|Adventure|Drama|Sci-Fi|Thriller
739;739;Anchorman: The Legend of Ron Burgundy (2004);Comedy
740;740;Garden State (2004);Comedy|Drama|Romance
741;741;Team America: World Police (2004);Action|Adventure|Animation|Comedy
742;742;The Machinist (2004);Drama|Mystery|Thriller
743;743;Charlie and the Chocolate Factory (2005);Adventure|Children|Comedy|Fantasy|IMAX
744;744;Hitchhiker's Guide to the Galaxy, The (2005);Adventure|Comedy|Sci-Fi
745;745;Madagascar (2005);Adventure|Animation|Children|Comedy
746;746;Fantastic Four (2005);Action|Adventure|Sci-Fi
747;747;Serenity (2005);Action|Adventure|Sci-Fi
748;748;Lord of War (2005);Action|Crime|Drama|Thriller|War
749;749;Aeon Flux (2005);Action|Sci-Fi
750;750;Corpse Bride (2005);Animation|Comedy|Fantasy|Musical|Romance
751;751;History of Violence, A (2005);Action|Crime|Drama|Thriller
752;752;Wallace & Gromit in The Curse of the Were-Rabbit (2005);Adventure|Animation|Children|Comedy
753;753;Kiss Kiss Bang Bang (2005);Comedy|Crime|Mystery|Thriller
754;754;Ice Age 2: The Meltdown (2006);Adventure|Animation|Children|Comedy
755;755;V for Vendetta (2006);Action|Sci-Fi|Thriller|IMAX
756;756;Inside Man (2006);Crime|Drama|Thriller
757;757;Lives of Others, The (Das leben der Anderen) (2006);Drama|Romance|Thriller
758;758;Lucky Number Slevin (2006);Crime|Drama|Mystery
759;759;Pirates of the Caribbean: Dead Man's Chest (2006);Action|Adventure|Fantasy
760;760;Little Miss Sunshine (2006);Adventure|Comedy|Drama
761;761;Zodiac (2007);Crime|Drama|Thriller
762;762;Pirates of the Caribbean: At World's End (2007);Action|Adventure|Comedy|Fantasy
763;763;Live Free or Die Hard (2007);Action|Adventure|Crime|Thriller
764;764;Transformers (2007);Action|Sci-Fi|Thriller|IMAX
765;765;Simpsons Movie, The (2007);Animation|Comedy
766;766;Into the Wild (2007);Action|Adventure|Drama
767;767;American Gangster (2007);Crime|Drama|Thriller
768;768;Sweeney Todd: The Demon Barber of Fleet Street (2007);Drama|Horror|Musical|Thriller
769;769;In Bruges (2008);Comedy|Crime|Drama|Thriller
770;770;Indiana Jones and the Kingdom of the Crystal Skull (2008);Action|Adventure|Comedy|Sci-Fi
771;771;Kung Fu Panda (2008);Action|Animation|Children|Comedy|IMAX
772;772;Incredible Hulk, The (2008);Action|Sci-Fi
773;773;Hancock (2008);Action|Adventure|Comedy|Crime|Fantasy
774;774;Watchmen (2009);Action|Drama|Mystery|Sci-Fi|Thriller|IMAX
775;775;Zack and Miri Make a Porno (2008);Comedy|Drama|Romance
776;776;Curious Case of Benjamin Button, The (2008);Drama|Fantasy|Mystery|Romance
777;777;Dr. Horrible's Sing-Along Blog (2008);Comedy|Drama|Musical|Sci-Fi
778;778;Girl with the Dragon Tattoo, The (Män som hatar kvinnor) (2009);Crime|Drama|Mystery|Thriller
779;779;X-Men Origins: Wolverine (2009);Action|Sci-Fi|Thriller
780;780;Hangover, The (2009);Comedy|Crime
781;781;Alice in Wonderland (2010);Adventure|Fantasy|IMAX
782;782;Kick-Ass (2010);Action|Comedy
783;783;Iron Man 2 (2010);Action|Adventure|Sci-Fi|Thriller|IMAX
784;784;Other Guys, The (2010);Action|Comedy
785;785;Scott Pilgrim vs. the World (2010);Action|Comedy|Fantasy|Musical|Romance
786;786;Thor (2011);Action|Adventure|Drama|Fantasy|IMAX
787;787;Pirates of the Caribbean: On Stranger Tides (2011);Action|Adventure|Fantasy|IMAX
788;788;X-Men: First Class (2011);Action|Adventure|Sci-Fi|Thriller|War
789;789;Drive (2011);Crime|Drama|Film-Noir|Thriller
790;790;Captain America: The First Avenger (2011);Action|Adventure|Sci-Fi|Thriller|War
791;791;Sherlock Holmes: A Game of Shadows (2011);Action|Adventure|Comedy|Crime|Mystery|Thriller
792;792;Ted (2012);Comedy|Fantasy
793;793;Hobbit: An Unexpected Journey, The (2012);Adventure|Fantasy|IMAX
794;794;Iron Man 3 (2013);Action|Sci-Fi|Thriller|IMAX
795;795;Star Trek Into Darkness (2013);Action|Adventure|Sci-Fi|IMAX
796;796;Now You See Me (2013);Crime|Mystery|Thriller
797;797;Thor: The Dark World (2013);Action|Adventure|Fantasy|IMAX
798;798;The Hunger Games: Catching Fire (2013);Action|Adventure|Sci-Fi|IMAX
799;799;X-Men: Days of Future Past (2014);Action|Adventure|Sci-Fi
800;800;Birdman: Or (The Unexpected Virtue of Ignorance) (2014);Comedy|Drama
801;801;The Imitation Game (2014);Drama|Thriller|War
802;802;The Hunger Games: Mockingjay - Part 1 (2014);Adventure|Sci-Fi|Thriller
803;803;Avengers: Age of Ultron (2015);Action|Adventure|Sci-Fi
804;804;Ant-Man (2015);Action|Adventure|Sci-Fi
805;805;Guardians of the Galaxy 2 (2017);Action|Adventure|Sci-Fi
806;806;Captain America: Civil War (2016);Action|Sci-Fi|Thriller
807;807;The Revenant (2015);Adventure|Drama
808;808;Big Short, The (2015);Drama
809;809;Arrival (2016);Sci-Fi
810;810;Logan (2017);Action|Sci-Fi
811;811;Pocahontas (1995);Animation|Children|Drama|Musical|Romance
812;812;Muppet Treasure Island (1996);Adventure|Children|Comedy|Musical
813;813;Judge Dredd (1995);Action|Crime|Sci-Fi
814;814;Reality Bites (1994);Comedy|Drama|Romance
815;815;Timecop (1994);Action|Sci-Fi|Thriller
816;816;Beverly Hills Cop III (1994);Action|Comedy|Crime|Thriller
817;817;Nightmare Before Christmas, The (1993);Animation|Children|Fantasy|Musical
818;818;Heavy Metal (1981);Action|Adventure|Animation|Horror|Sci-Fi
819;819;Mystery Science Theater 3000: The Movie (1996);Comedy|Sci-Fi
820;820;Craft, The (1996);Drama|Fantasy|Horror|Thriller
821;821;Spy Hard (1996);Comedy
822;822;Kingpin (1996);Comedy
823;823;Nutty Professor, The (1996);Comedy|Fantasy|Romance|Sci-Fi
824;824;Ransom (1996);Crime|Thriller
825;825;Bound (1996);Crime|Drama|Romance|Thriller
826;826;Vertigo (1958);Drama|Mystery|Romance|Thriller
827;827;Sabrina (1954);Comedy|Romance
828;828;To Catch a Thief (1955);Crime|Mystery|Romance|Thriller
829;829;Angels in the Outfield (1994);Children|Comedy
830;830;Long Kiss Goodnight, The (1996);Action|Drama|Thriller
831;831;Escape from New York (1981);Action|Adventure|Sci-Fi|Thriller
832;832;Army of Darkness (1993);Action|Adventure|Comedy|Fantasy|Horror
833;833;Better Off Dead... (1985);Comedy|Romance
834;834;Arsenic and Old Lace (1944);Comedy|Mystery|Thriller
835;835;Heathers (1989);Comedy
836;836;Birds, The (1963);Horror|Thriller
837;837;Dracula (Bram Stoker's Dracula) (1992);Fantasy|Horror|Romance|Thriller
838;838;Carrie (1976);Drama|Fantasy|Horror|Thriller
839;839;101 Dalmatians (1996);Adventure|Children|Comedy
840;840;Star Trek VI: The Undiscovered Country (1991);Action|Mystery|Sci-Fi
841;841;Star Trek V: The Final Frontier (1989);Action|Sci-Fi
842;842;Star Trek IV: The Voyage Home (1986);Adventure|Comedy|Sci-Fi
843;843;Young Guns (1988);Action|Comedy|Western
844;844;Grease (1978);Comedy|Musical|Romance
845;845;Raising Arizona (1987);Comedy
846;846;Scream (1996);Comedy|Horror|Mystery|Thriller
847;847;Michael (1996);Comedy|Drama|Fantasy|Romance
848;848;Saint, The (1997);Action|Romance|Sci-Fi|Thriller
849;849;Liar Liar (1997);Comedy
850;850;Anaconda (1997);Action|Adventure|Thriller
851;851;Batman & Robin (1997);Action|Adventure|Fantasy|Thriller
852;852;Hercules (1997);Adventure|Animation|Children|Comedy|Musical
853;853;My Best Friend's Wedding (1997);Comedy|Romance
854;854;Spawn (1997);Action|Adventure|Sci-Fi|Thriller
855;855;In & Out (1997);Comedy
856;856;The Devil's Advocate (1997);Drama|Mystery|Thriller
857;857;Stripes (1981);Comedy|War
858;858;Alien: Resurrection (1997);Action|Horror|Sci-Fi
859;859;Scream 2 (1997);Comedy|Horror|Mystery|Thriller
860;860;Tomorrow Never Dies (1997);Action|Adventure|Thriller
861;861;Wag the Dog (1997);Comedy
862;862;Dark City (1998);Adventure|Film-Noir|Sci-Fi|Thriller
863;863;Sphere (1998);Sci-Fi|Thriller
864;864;Lost in Space (1998);Action|Adventure|Sci-Fi
865;865;Dr. Dolittle (1998);Comedy
866;866;Pi (1998);Drama|Sci-Fi|Thriller
867;867;Poltergeist (1982);Horror|Thriller
868;868;Gremlins (1984);Comedy|Horror
869;869;Hocus Pocus (1993);Children|Comedy|Fantasy|Horror
870;870;Mighty Ducks, The (1992);Children|Comedy
871;871;L.A. Story (1991);Comedy|Romance
872;872;Weird Science (1985);Comedy|Fantasy|Sci-Fi
873;873;Dark Crystal, The (1982);Adventure|Fantasy
874;874;Sixteen Candles (1984);Comedy|Romance
875;875;Blade (1998);Action|Horror|Thriller
876;876;Cube (1997);Horror|Mystery|Sci-Fi|Thriller
877;877;Broadcast News (1987);Comedy|Drama|Romance
878;878;Working Girl (1988);Comedy|Drama|Romance
879;879;Say Anything... (1989);Comedy|Drama|Romance
880;880;Antz (1998);Adventure|Animation|Children|Comedy|Fantasy
881;881;My Cousin Vinny (1992);Comedy
882;882;Pleasantville (1998);Comedy|Drama|Fantasy
883;883;Waterboy, The (1998);Comedy
884;884;Bug's Life, A (1998);Adventure|Animation|Children|Comedy
885;885;Desperately Seeking Susan (1985);Comedy|Drama|Romance
886;886;Fletch (1985);Comedy|Crime|Mystery
887;887;Money Pit, The (1986);Comedy
888;888;Star Trek: Insurrection (1998);Action|Drama|Romance|Sci-Fi
889;889;Prince of Egypt, The (1998);Animation|Musical
890;890;Shakespeare in Love (1998);Comedy|Drama|Romance
891;891;Cocoon (1985);Comedy|Sci-Fi
892;892;Christmas Vacation (National Lampoon's Christmas Vacation) (1989);Comedy
893;893;Faculty, The (1998);Horror|Sci-Fi
894;894;Fly, The (1986);Drama|Horror|Sci-Fi|Thriller
895;895;Blast from the Past (1999);Comedy|Romance
896;896;Analyze This (1999);Comedy
897;897;Entrapment (1999);Crime|Thriller
898;898;Superman III (1983);Action|Adventure|Sci-Fi
899;899;Tarzan (1999);Adventure|Animation|Children|Drama
900;900;Arachnophobia (1990);Comedy|Horror
901;901;Blair Witch Project, The (1999);Drama|Horror|Thriller
902;902;Inspector Gadget (1999);Action|Adventure|Children|Comedy
903;903;Deep Blue Sea (1999);Action|Horror|Sci-Fi|Thriller
904;904;Little Shop of Horrors (1986);Comedy|Horror|Musical
905;905;Monty Python's And Now for Something Completely Different (1971);Comedy
906;906;Christmas Story, A (1983);Children|Comedy
907;907;Stigmata (1999);Drama|Thriller
908;908;Risky Business (1983);Comedy
909;909;Time Bandits (1981);Adventure|Comedy|Fantasy|Sci-Fi
910;910;Bone Collector, The (1999);Thriller
911;911;Adventures of Buckaroo Banzai Across the 8th Dimension, The (1984);Adventure|Comedy|Sci-Fi
912;912;Moonstruck (1987);Comedy|Romance
913;913;World Is Not Enough, The (1999);Action|Adventure|Thriller
914;914;Scrooged (1988);Comedy|Fantasy|Romance
915;915;Fatal Attraction (1987);Drama|Thriller
916;916;Midnight Run (1988);Action|Comedy|Crime|Thriller
917;917;Wayne's World 2 (1993);Comedy
918;918;Buffy the Vampire Slayer (1992);Action|Comedy|Horror
919;919;Forever Young (1992);Drama|Romance|Sci-Fi
920;920;Whole Nine Yards, The (2000);Comedy|Crime
921;921;Bull Durham (1988);Comedy|Drama|Romance
922;922;Muppet Movie, The (1979);Adventure|Children|Comedy|Musical
923;923;Thelma & Louise (1991);Adventure|Crime|Drama
924;924;Animal House (1978);Comedy
925;925;Do the Right Thing (1989);Drama
926;926;Close Encounters of the Third Kind (1977);Adventure|Drama|Sci-Fi
927;927;Jacob's Ladder (1990);Horror|Mystery
928;928;28 Days (2000);Drama
929;929;Keeping the Faith (2000);Comedy|Drama|Romance
930;930;Pee-wee's Big Adventure (1985);Adventure|Comedy
931;931;Running Man, The (1987);Action|Sci-Fi
932;932;Mad Max Beyond Thunderdome (1985);Action|Adventure|Sci-Fi
933;933;Titan A.E. (2000);Action|Adventure|Animation|Children|Sci-Fi
934;934;Me, Myself & Irene (2000);Adventure|Comedy
935;935;Coyote Ugly (2000);Comedy|Drama|Romance
936;936;Hollow Man (2000);Horror|Sci-Fi|Thriller
937;937;Cinderella (1950);Animation|Children|Fantasy|Musical|Romance
938;938;Sound of Music, The (1965);Musical|Romance
939;939;Mask of Zorro, The (1998);Action|Comedy|Romance
940;940;Peter Pan (1953);Animation|Children|Fantasy|Musical
941;941;Teenage Mutant Ninja Turtles (1990);Action|Children|Comedy|Fantasy|Sci-Fi
942;942;Perfect Storm, The (2000);Drama|Thriller
943;943;Meet the Parents (2000);Comedy
944;944;How the Grinch Stole Christmas (a.k.a. The Grinch) (2000);Children|Comedy|Fantasy
945;945;Emperor's New Groove, The (2000);Adventure|Animation|Children|Comedy|Fantasy
946;946;Finding Forrester (2000);Drama
947;947;Miss Congeniality (2000);Comedy|Crime
948;948;Mexican, The (2001);Action|Comedy
949;949;Spy Kids (2001);Action|Adventure|Children|Comedy
950;950;Mummy Returns, The (2001);Action|Adventure|Comedy|Thriller
951;951;Knight's Tale, A (2001);Action|Comedy|Romance
952;952;Swordfish (2001);Action|Crime|Drama
953;953;Lara Croft: Tomb Raider (2001);Action|Adventure
954;954;Fast and the Furious, The (2001);Action|Crime|Thriller
955;955;Final Fantasy: The Spirits Within (2001);Adventure|Animation|Fantasy|Sci-Fi
956;956;Jurassic Park III (2001);Action|Adventure|Sci-Fi|Thriller
957;957;American Pie 2 (2001);Comedy
958;958;Jay and Silent Bob Strike Back (2001);Adventure|Comedy
959;959;Training Day (2001);Crime|Drama|Thriller
960;960;Mulholland Drive (2001);Crime|Drama|Film-Noir|Mystery|Thriller
961;961;Spy Game (2001);Action|Crime|Drama|Thriller
962;962;Royal Tenenbaums, The (2001);Comedy|Drama
963;963;Gosford Park (2001);Comedy|Drama|Mystery
964;964;Sandlot, The (1993);Children|Comedy|Drama
965;965;Super Troopers (2001);Comedy|Crime|Mystery
966;966;Time Machine, The (2002);Action|Adventure|Sci-Fi
967;967;Blade II (2002);Action|Horror|Thriller
968;968;My Big Fat Greek Wedding (2002);Comedy|Romance
969;969;The Scorpion King (2002);Action|Adventure|Fantasy|Thriller
970;970;Insomnia (2002);Action|Crime|Drama|Mystery|Thriller
971;971;Red Dragon (2002);Crime|Mystery|Thriller
972;972;Daredevil (2003);Action|Crime
973;973;View to a Kill, A (1985);Action|Adventure|Thriller
974;974;Police Academy (1984);Comedy|Crime
975;975;First Blood (Rambo: First Blood) (1982);Action|Adventure|Drama|Thriller
976;976;Runaway Bride (1999);Comedy|Romance
977;977;For Your Eyes Only (1981);Action|Adventure|Thriller
978;978;Moonraker (1979);Action|Adventure|Sci-Fi|Thriller
979;979;Predator 2 (1990);Action|Sci-Fi|Thriller
980;980;Naked Gun: From the Files of Police Squad!, The (1988);Action|Comedy|Crime|Romance
981;981;Diamonds Are Forever (1971);Action|Adventure|Thriller
982;982;Beverly Hills Cop (1984);Action|Comedy|Crime|Drama
983;983;Coming to America (1988);Comedy|Romance
984;984;Rush Hour 2 (2001);Action|Comedy
985;985;Resident Evil (2002);Action|Horror|Sci-Fi|Thriller
986;986;Charlie's Angels: Full Throttle (2003);Action|Adventure|Comedy|Crime|Thriller
987;987;Meet the Fockers (2004);Comedy
988;988;Wedding Crashers (2005);Comedy|Romance
989;989;Harry Potter and the Goblet of Fire (2005);Adventure|Fantasy|Thriller|IMAX
990;990;Chronicles of Narnia: The Lion, the Witch and the Wardrobe, The (2005);Adventure|Children|Fantasy
991;991;Mission: Impossible III (2006);Action|Adventure|Thriller
992;992;Da Vinci Code, The (2006);Drama|Mystery|Thriller
993;993;Click (2006);Adventure|Comedy|Drama|Fantasy|Romance
994;994;Night at the Museum (2006);Action|Comedy|Fantasy|IMAX
995;995;Knocked Up (2007);Comedy|Drama|Romance
996;996;Shrek the Third (2007);Adventure|Animation|Children|Comedy|Fantasy
997;997;Ocean's Thirteen (2007);Crime|Thriller
998;998;National Treasure: Book of Secrets (2007);Action|Adventure
999;999;Forgetting Sarah Marshall (2008);Comedy|Romance
1000;1000;Taken (2008);Action|Crime|Drama|Thriller
1001;1001;Slumdog Millionaire (2008);Crime|Drama|Romance
1002;1002;Blind Side, The  (2009);Drama
1003;1003;How to Train Your Dragon (2010);Adventure|Animation|Children|Fantasy|IMAX
1004;1004;Black Swan (2010);Drama|Thriller
1005;1005;Harry Potter and the Deathly Hallows: Part 1 (2010);Action|Adventure|Fantasy|IMAX
1006;1006;Harry Potter and the Deathly Hallows: Part 2 (2011);Action|Adventure|Drama|Fantasy|Mystery|IMAX
1007;1007;Rise of the Planet of the Apes (2011);Action|Drama|Sci-Fi|Thriller
1008;1008;Mission: Impossible - Ghost Protocol (2011);Action|Adventure|Thriller|IMAX
1009;1009;21 Jump Street (2012);Action|Comedy|Crime
1010;1010;Wreck-It Ralph (2012);Animation|Comedy
1011;1011;We're the Millers (2013);Comedy|Crime
1012;1012;Her (2013);Drama|Romance|Sci-Fi
1013;1013;The Lego Movie (2014);Action|Adventure|Animation|Children|Comedy|Fantasy
1014;1014;Big Hero 6 (2014);Action|Animation|Comedy
1015;1015;Jurassic World (2015);Action|Adventure|Drama|Sci-Fi|Thriller
1016;1016;Midnight Cowboy (1969);Drama
1017;1017;French Connection, The (1971);Action|Crime|Thriller
1018;1018;Rosemary's Baby (1968);Drama|Horror|Thriller
1019;1019;Insider, The (1999);Drama|Thriller
1020;1020;Secretary (2002);Comedy|Drama|Romance
1021;1021;Punch-Drunk Love (2002);Comedy|Drama|Romance
1022;1022;Lost in Translation (2003);Comedy|Drama|Romance
1023;1023;Super Size Me (2004);Comedy|Documentary|Drama
1024;1024;Fahrenheit 9/11 (2004);Documentary
1025;1025;Million Dollar Baby (2004);Drama
1026;1026;Broken Flowers (2005);Comedy|Drama
1027;1027;Brokeback Mountain (2005);Drama|Romance
1028;1028;Munich (2005);Action|Crime|Drama|Thriller
1029;1029;Stranger than Fiction (2006);Comedy|Drama|Fantasy|Romance
1030;1030;Grindhouse (2007);Action|Crime|Horror|Sci-Fi|Thriller
1031;1031;Death Proof (2007);Action|Adventure|Crime|Horror|Thriller
1032;1032;Superbad (2007);Comedy
1033;1033;No Country for Old Men (2007);Crime|Drama
1034;1034;There Will Be Blood (2007);Drama|Western
1035;1035;Burn After Reading (2008);Comedy|Crime|Drama
1036;1036;Coraline (2009);Animation|Fantasy|Thriller
1037;1037;City of Lost Children, The (Cité des enfants perdus, La) (1995);Adventure|Drama|Fantasy|Mystery|Sci-Fi
1038;1038;Madness of King George, The (1994);Comedy|Drama
1039;1039;Ghost in the Shell (Kôkaku kidôtai) (1995);Animation|Sci-Fi
1040;1040;Delicatessen (1991);Comedy|Drama|Romance
1041;1041;Boot, Das (Boat, The) (1981);Action|Drama|War
1042;1042;Femme Nikita, La (Nikita) (1990);Action|Crime|Romance|Thriller
1043;1043;Akira (1988);Action|Adventure|Animation|Sci-Fi
1044;1044;Midnight in the Garden of Good and Evil (1997);Crime|Drama|Mystery
1045;1045;Fear and Loathing in Las Vegas (1998);Adventure|Comedy|Drama
1046;1046;Last Emperor, The (1987);Drama
1047;1047;Amores Perros (Love's a Bitch) (2000);Drama|Thriller
1048;1048;Triplets of Belleville, The (Les triplettes de Belleville) (2003);Animation|Comedy|Fantasy
1049;1049;Jewel of the Nile, The (1985);Action|Adventure|Comedy|Romance
1050;1050;Virgin Suicides, The (1999);Drama|Romance
1051;1051;The Count of Monte Cristo (2002);Action|Adventure|Drama|Thriller
1052;1052;Constantine (2005);Action|Fantasy|Horror|Thriller
1053;1053;40-Year-Old Virgin, The (2005);Comedy|Romance
1054;1054;Illusionist, The (2006);Drama|Fantasy|Mystery|Romance
1055;1055;Cloverfield (2008);Action|Mystery|Sci-Fi|Thriller
1056;1056;Pineapple Express (2008);Action|Comedy|Crime
1057;1057;Tropic Thunder (2008);Action|Adventure|Comedy|War
1058;1058;Midnight in Paris (2011);Comedy|Fantasy|Romance
1059;1059;African Queen, The (1951);Adventure|Comedy|Romance|War
1060;1060;Great Escape, The (1963);Action|Adventure|Drama|War
1061;1061;Ben-Hur (1959);Action|Adventure|Drama
1062;1062;Jaws (1975);Action|Horror
1063;1063;Little Big Man (1970);Western
1064;1064;People vs. Larry Flynt, The (1996);Comedy|Drama
1065;1065;Day the Earth Stood Still, The (1951);Drama|Sci-Fi|Thriller
1066;1066;Fried Green Tomatoes (1991);Comedy|Crime|Drama
1067;1067;Dune (1984);Adventure|Sci-Fi
1068;1068;Rounders (1998);Drama
1069;1069;Boys Don't Cry (1999);Drama
1070;1070;River Runs Through It, A (1992);Drama
1071;1071;Awakenings (1990);Drama|Mystery
1072;1072;Backdraft (1991);Action|Drama
1073;1073;Scent of a Woman (1992);Drama
1074;1074;Patriot Games (1992);Action|Crime|Drama|Thriller
1075;1075;Hoosiers (a.k.a. Best Shot) (1986);Drama|Romance
1076;1076;Evolution (2001);Comedy|Sci-Fi
1077;1077;Black Hawk Down (2001);Action|Drama|War
1078;1078;About Schmidt (2002);Comedy|Drama
1079;1079;Phone Booth (2002);Drama|Thriller
1080;1080;Terminator 3: Rise of the Machines (2003);Action|Adventure|Sci-Fi
1081;1081;Master and Commander: The Far Side of the World (2003);Adventure|Drama|War
1082;1082;21 Grams (2003);Crime|Drama|Mystery|Romance|Thriller
1083;1083;Bad Santa (2003);Comedy|Crime
1084;1084;Hero (Ying xiong) (2002);Action|Adventure|Drama
1085;1085;Shaun of the Dead (2004);Comedy|Horror
1086;1086;House of Flying Daggers (Shi mian mai fu) (2004);Action|Drama|Romance
1087;1087;Crash (2004);Crime|Drama
1088;1088;King Kong (2005);Action|Adventure|Drama|Fantasy|Thriller
1089;1089;Thank You for Smoking (2006);Comedy|Drama
1090;1090;Babel (2006);Drama|Thriller
1091;1091;Borat: Cultural Learnings of America for Make Benefit Glorious Nation of Kazakhstan (2006);Comedy
1092;1092;Blood Diamond (2006);Action|Adventure|Crime|Drama|Thriller|War
1093;1093;Hot Fuzz (2007);Action|Comedy|Crime|Mystery
1094;1094;Shooter (2007);Action|Drama|Thriller
1095;1095;1408 (2007);Drama|Horror|Thriller
1096;1096;3:10 to Yuma (2007);Action|Crime|Drama|Western
1097;1097;It's a Wonderful Life (1946);Children|Drama|Fantasy|Romance
1098;1098;Lawrence of Arabia (1962);Adventure|Drama|War
1099;1099;Glory (1989);Drama|War
1100;1100;U.S. Marshals (1998);Action|Crime|Thriller
1101;1101;On the Waterfront (1954);Crime|Drama
1102;1102;American Graffiti (1973);Comedy|Drama
1103;1103;Super 8 (2011);Mystery|Sci-Fi|Thriller|IMAX
1104;1104;Right Stuff, The (1983);Drama
1105;1105;Jerry Maguire (1996);Drama|Romance
1106;1106;To Wong Foo, Thanks for Everything! Julie Newmar (1995);Comedy
1107;1107;Hoop Dreams (1994);Documentary
1108;1108;Hudsucker Proxy, The (1994);Comedy
1109;1109;Eraser (1996);Action|Drama|Thriller
1110;1110;Three Colors: Blue (Trois couleurs: Bleu) (1993);Drama
1111;1111;Welcome to the Dollhouse (1995);Comedy|Drama
1112;1112;Time to Kill, A (1996);Drama|Thriller
1113;1113;Robin Hood: Prince of Thieves (1991);Adventure|Drama
1114;1114;Private Parts (1997);Comedy|Drama
1115;1115;Boogie Nights (1997);Drama
1116;1116;Man in the Iron Mask, The (1998);Action|Adventure|Drama
1117;1117;Simple Plan, A (1998);Crime|Drama|Thriller
1118;1118;October Sky (1999);Drama
1119;1119;Mr. Deeds (2002);Comedy|Romance
1120;1120;Dog Day Afternoon (1975);Crime|Drama
1121;1121;Brady Bunch Movie, The (1995);Comedy
1122;1122;Beach, The (2000);Adventure|Drama
1123;1123;Bedazzled (2000);Comedy
1124;1124;Shallow Hal (2001);Comedy|Fantasy|Romance
1125;1125;Matchstick Men (2003);Comedy|Crime|Drama
1126;1126;Along Came Polly (2004);Comedy|Romance
1127;1127;13 Going on 30 (2004);Comedy|Fantasy|Romance
1128;1128;Harry Potter and the Order of the Phoenix (2007);Adventure|Drama|Fantasy|IMAX
1129;1129;Horrible Bosses (2011);Comedy|Crime
1130;1130;Cabin in the Woods, The (2012);Comedy|Horror|Sci-Fi|Thriller
1131;1131;Silver Linings Playbook (2012);Comedy|Drama
1132;1132;Drop Zone (1994);Action|Thriller
1133;1133;Airheads (1994);Comedy
1134;1134;Cape Fear (1991);Thriller
1135;1135;Romy and Michele's High School Reunion (1997);Comedy
1136;1136;Big Chill, The (1983);Comedy|Drama
1137;1137;Pushing Tin (1999);Comedy
1138;1138;National Lampoon's Vacation (1983);Comedy
1139;1139;Mickey Blue Eyes (1999);Comedy|Romance
1140;1140;Deliverance (1972);Adventure|Drama|Thriller
1141;1141;Three Kings (1999);Action|Adventure|Comedy|Drama|War
1142;1142;Natural, The (1984);Drama
1143;1143;Girl, Interrupted (1999);Drama
1144;1144;Boiler Room (2000);Crime|Drama|Thriller
1145;1145;Caddyshack (1980);Comedy
1146;1146;City Slickers (1991);Comedy|Western
1147;1147;Tootsie (1982);Comedy|Romance
1148;1148;RoboCop 3 (1993);Action|Crime|Drama|Sci-Fi|Thriller
1149;1149;Roger & Me (1989);Documentary
1150;1150;Addams Family, The (1991);Children|Comedy|Fantasy
1151;1151;Patch Adams (1998);Comedy|Drama
1152;1152;National Lampoon's Van Wilder (2002);Comedy
1153;1153;Pay It Forward (2000);Drama
1154;1154;Vanilla Sky (2001);Mystery|Romance|Sci-Fi|Thriller
1155;1155;Alien³ (a.k.a. Alien 3) (1992);Action|Horror|Sci-Fi|Thriller
1156;1156;Chronicles of Riddick, The (2004);Action|Sci-Fi|Thriller
1157;1157;Apartment, The (1960);Comedy|Drama|Romance
1158;1158;8 Mile (2002);Drama
1159;1159;Argo (2012);Drama|Thriller
1160;1160;Harold and Maude (1971);Comedy|Drama|Romance
1161;1161;Manhattan (1979);Comedy|Drama|Romance
1162;1162;Omen, The (1976);Horror|Mystery|Thriller
1163;1163;Exorcist, The (1973);Horror|Mystery
1164;1164;Cider House Rules, The (1999);Drama
1165;1165;Identity (2003);Crime|Horror|Mystery|Thriller
1166;1166;Spider-Man 3 (2007);Action|Adventure|Sci-Fi|Thriller|IMAX
1167;1167;Planet Terror (2007);Action|Horror|Sci-Fi
1168;1168;Hurt Locker, The (2008);Action|Drama|Thriller|War
1169;1169;Arrival, The (1996);Action|Sci-Fi|Thriller
1170;1170;Roman Holiday (1953);Comedy|Drama|Romance
1171;1171;Return of the Pink Panther, The (1975);Comedy|Crime
1172;1172;Halloween (1978);Horror
1173;1173;Gandhi (1982);Drama
1174;1174;Strange Days (1995);Action|Crime|Drama|Mystery|Sci-Fi|Thriller
1175;1175;Mulholland Falls (1996);Crime|Drama|Thriller
1176;1176;Out of Sight (1998);Comedy|Crime|Drama|Romance|Thriller
1177;1177;Doctor Zhivago (1965);Drama|Romance|War
1178;1178;Player, The (1992);Comedy|Crime|Drama
1179;1179;Dangerous Liaisons (1988);Drama|Romance
1180;1180;Network (1976);Comedy|Drama
1181;1181;League of Extraordinary Gentlemen, The (a.k.a. LXG) (2003);Action|Fantasy|Sci-Fi
1182;1182;Lemony Snicket's A Series of Unfortunate Events (2004);Adventure|Children|Comedy|Fantasy
1183;1183;Wanted (2008);Action|Thriller
1184;1184;Moneyball (2011);Drama
1185;1185;Man of Steel (2013);Action|Adventure|Fantasy|Sci-Fi|IMAX
1186;1186;Snowpiercer (2013);Action|Drama|Sci-Fi
1187;1187;Repo Man (1984);Comedy|Sci-Fi
1188;1188;Evil Dead, The (1981);Fantasy|Horror|Thriller
1189;1189;Battle Royale (Batoru rowaiaru) (2000);Action|Drama|Horror|Thriller
1190;1190;Napoleon Dynamite (2004);Comedy
1191;1191;Motorcycle Diaries, The (Diarios de motocicleta) (2004);Adventure|Drama
1192;1192;Scanner Darkly, A (2006);Animation|Drama|Mystery|Sci-Fi|Thriller
1193;1193;Life Aquatic with Steve Zissou, The (2004);Adventure|Comedy|Fantasy
1194;1194;28 Weeks Later (2007);Horror|Sci-Fi|Thriller
1195;1195;Stardust (2007);Adventure|Comedy|Fantasy|Romance
1196;1196;Night of the Living Dead (1968);Horror|Sci-Fi|Thriller
1197;1197;Family Man, The (2000);Comedy|Drama|Romance
1198;1198;Lost Boys, The (1987);Comedy|Horror|Thriller
1199;1199;And Your Mother Too (Y tu mamá también) (2001);Drama|Romance
1200;1200;25th Hour (2002);Crime|Drama
1201;1201;Old School (2003);Comedy
1202;1202;Bend It Like Beckham (2002);Comedy|Drama|Romance
1203;1203;Elf (2003);Children|Comedy|Fantasy
1204;1204;Underworld (2003);Action|Fantasy|Horror
1205;1205;WarGames (1983);Drama|Sci-Fi|Thriller
1206;1206;Starsky & Hutch (2004);Action|Comedy|Crime|Thriller
1207;1207;Ever After: A Cinderella Story (1998);Comedy|Drama|Romance
1208;1208;Crocodile Dundee II (1988);Action|Adventure|Comedy
1209;1209;Dude, Where's My Car? (2000);Comedy|Sci-Fi
1210;1210;Wedding Planner, The (2001);Comedy|Romance
1211;1211;Scary Movie 2 (2001);Comedy
1212;1212;Serendipity (2001);Comedy|Romance
1213;1213;Lilo & Stitch (2002);Adventure|Animation|Children|Sci-Fi
1214;1214;Van Helsing (2004);Action|Adventure|Fantasy|Horror
1215;1215;Harold and Kumar Go to White Castle (2004);Adventure|Comedy
1216;1216;I Heart Huckabees (2004);Comedy
1217;1217;Devil Wears Prada, The (2006);Comedy|Drama
1218;1218;Bridesmaids (2011);Comedy
1219;1219;Moonrise Kingdom (2012);Comedy|Drama|Romance
1220;1220;Cinema Paradiso (Nuovo cinema Paradiso) (1989);Drama
1221;1221;Driving Miss Daisy (1989);Drama
1222;1222;All About Eve (1950);Drama
1223;1223;Metropolis (1927);Drama|Sci-Fi
1224;1224;Babe: Pig in the City (1998);Adventure|Children|Drama
1225;1225;Freaky Friday (2003);Children|Comedy|Fantasy
1226;1226;Weekend at Bernie's (1989);Comedy
1227;1227;Darjeeling Limited, The (2007);Adventure|Comedy|Drama
1228;1228;American Werewolf in London, An (1981);Comedy|Horror|Thriller
1229;1229;eXistenZ (1999);Action|Sci-Fi|Thriller
1230;1230;Terms of Endearment (1983);Comedy|Drama
1231;1231;Little Nicky (2000);Comedy
1232;1232;Joe Dirt (2001);Adventure|Comedy|Mystery|Romance
1233;1233;RoboCop 2 (1990);Action|Crime|Sci-Fi|Thriller
1234;1234;Poseidon Adventure, The (1972);Action|Adventure|Drama